target,value,seq,Aromaticity,Instability,GRAVY,Isoelectric_point,Charge,Extinction_Coefficient_280nm
a3b2,high,ACCSHPACNVDHPEIC,0,86.24375,0.0875,5.152420616,-2.065449773,0
a3b2,high,ACCSNPACRVNNPHVC,0,72.7375,-0.0125,7.939233208,0.843434816,0
a3b2,high,ACCSNPVCHLEHSNLC,0,62.7375,0.21875,5.983577156,-1.066570534,0
a3b2,high,ADCCSNPPCAHNNPDC,0,12.575,-0.79375,4.196729851,-2.154313662,0
a3b2,high,ADECCSNPACRVNNPHVC,0,61.05,-0.4,5.321118736,-1.152633961,0
a3b2,high,AECCSNPACRVNNPHVC,0,69.04705882,-0.217647059,6.753518105,-0.153754722,0
a3b2,high,AECCTHPACHVSHPELC,0,117.6235294,0.017647059,5.735759163,-1.976585884,0
a3b2,high,ARDECCSNPACRVNNPHVC,0,62.83157895,-0.615789474,6.756757927,-0.152643961,0
a3b2,high,CCSNPACRVNNPHVC,0,47.62666667,-0.133333333,7.901970482,0.807661842,0
a3b2,high,CCSNPACRVNNPNIC,0,76.92,-0.133333333,7.891204262,0.720487654,0
a3b2,high,DDESECIINTRDSPWGRCCRTRMCGSMCCPRNGCTCVYHWRRGHGCSCPG,0.06,59.842,-0.72,8.130639839,1.843354296,12490
a3b2,high,DECCSNPACRLNNPHACRRR,0,139.44,-1.265,8.568057823,1.811563065,0
a3b2,high,DECCSNPACRLNNPHVCRRR,0,117.47,-1.145,8.568057823,1.811563065,0
a3b2,high,DECCSNPACRVNNPHVCRRR,0,117.47,-1.125,8.568057823,1.811563065,0
a3b2,high,DECCSRPPCRVNNPHVCRRR,0,112.43,-1.345,9.011149025,2.811553065,0
a3b2,high,ECCSNPACRVNNPHVC,0,72.7375,-0.34375,6.799216652,-0.115612153,0
a3b2,high,GCCAHPACNVDHPEIC,0,53.475,0.1125,5.15162487,-2.101222747,0
a3b2,high,GCCAHPACSVNHPELC,0,50.83125,0.2375,5.97942791,-1.102343508,0
a3b2,high,GCCAHPACSVNHPELC,0,50.83125,0.2375,5.97942791,-1.102343508,0
a3b2,high,GCCANPVCALEHSNLC,0,14.9,0.55625,5.239100075,-1.189517696,0
a3b2,high,GCCANPVCHLAHSNAC,0,62.14375,0.45,6.880553246,-0.10515397,0
a3b2,high,GCCANPVCHLEHSNLC,0,35.275,0.24375,5.97942791,-1.102343508,0
a3b2,high,GCCANPVCHLEHSNLC,0,35.275,0.24375,5.97942791,-1.102343508,0
a3b2,high,GCCARAACAGIHQELC,0,51.28125,0.625,6.714924431,-0.189527696,0
a3b2,high,GCCKDPRCNYDHPEIC,0.0625,40.5625,-1,5.379719734,-1.189284176,1490
a3b2,high,GCCSDPRCAWRC,0.083333333,2.883333333,-0.366666667,7.89126873,0.721598415,5500
a3b2,high,GCCSDPRCAYDHPEIC,0.0625,40.5625,-0.475,4.536399651,-2.188285175,1490
a3b2,high,GCCSDPRCAYDHPEIC,0.0625,40.5625,-0.475,4.536399651,-2.188285175,1490
a3b2,high,GCCSDPRCAYDHPEIC,0.0625,40.5625,-0.475,4.536399651,-2.188285175,1490
a3b2,high,GCCSDPRCIYDHPEIC,0.0625,40.5625,-0.30625,4.536399651,-2.188285175,1490
a3b2,high,GCCSHPACAANNQDYC,0.0625,54.4,-0.36875,5.075687981,-1.192206398,1490
a3b2,high,GCCSHPACADHPEIC,0,66.39333333,0.02,5.15162487,-2.101222747,0
a3b2,high,GCCSHPACAGNNPYFC,0.125,39.96875,0.00625,6.705545998,-0.193327159,1490
a3b2,high,GCCSHPACAGNNQHIC,0,64.51875,-0.125,6.880553246,-0.10515397,0
a3b2,high,GCCSHPACANHPELC,0,59.21333333,-0.026666667,5.97942791,-1.102343508,0
a3b2,high,GCCSHPACANHPELC,0,59.21333333,-0.026666667,5.97942791,-1.102343508,0
a3b2,high,GCCSHPACFVNNPHIC,0.0625,72.7375,0.34375,6.880553246,-0.10515397,0
a3b2,high,GCCSHPACHARHPALC,0,89.725,0.04375,7.921955681,0.982010219,0
a3b2,high,GCCSHPACHARHPELC,0,88.55,-0.2875,6.985819054,-0.015179319,0
a3b2,high,GCCSHPACHLDHPELC,0,76.5125,-0.1,5.71791172,-2.014048559,0
a3b2,high,GCCSHPACHLEHPELC,0,71.8,-0.1,5.734110832,-2.012358857,0
a3b2,high,GCCSHPACHLNHPEIC,0,88.55,-0.05625,6.253107643,-1.015169319,0
a3b2,high,GCCSHPACHLNHPELC,0,76.5125,-0.1,6.253107643,-1.015169319,0
a3b2,high,GCCSHPACHVNHPELC,0,76.5125,-0.075,6.253107643,-1.015169319,0
a3b2,high,GCCSHPACHVNHPELC,0,76.5125,-0.075,6.253107643,-1.015169319,0
a3b2,high,GCCSHPACHVNHPELC,0,76.5125,-0.075,6.253107643,-1.015169319,0
a3b2,high,GCCSHPACHVNHPELC,0,76.5125,-0.075,6.253107643,-1.015169319,0
a3b2,high,GCCSHPACIVDHPEIC,0,53.475,0.45,5.15162487,-2.101222747,0
a3b2,high,GCCSHPACKVDHPEIC,0,53.475,-0.075,5.988124275,-1.102221748,0
a3b2,high,GCCSHPACLVDHPEIC,0,70.81875,0.40625,5.15162487,-2.101222747,0
a3b2,high,GCCSHPACLVDHPEIC,0,70.81875,0.40625,5.15162487,-2.101222747,0
a3b2,high,GCCSHPACNADHPEIC,0,62.86875,-0.2,5.15162487,-2.101222747,0
a3b2,high,GCCSHPACNVAAPHIC,0,86.575,0.6125,6.880553246,-0.10515397,0
a3b2,high,GCCSHPACNVAAPHIC,0,86.575,0.6125,6.880553246,-0.10515397,0
a3b2,high,GCCSHPACNVAHPEIC,0,62.86875,0.28125,5.97942791,-1.102343508,0
a3b2,high,GCCSHPACNVANPHIC,0,72.7375,0.28125,6.880553246,-0.10515397,0
a3b2,high,GCCSHPACNVDHAEIC,0,49.71875,0.1625,5.15162487,-2.101222747,0
a3b2,high,GCCSHPACNVDHPAIC,0,47.91875,0.28125,5.965843391,-1.104033209,0
a3b2,high,GCCSHPACNVDHPEIC,0,58.78125,-0.05,5.15162487,-2.101222747,0
a3b2,high,GCCSHPACNVDHPEIC,0,58.78125,-0.05,5.15162487,-2.101222747,0
a3b2,high,GCCSHPACNVDHPEIC,0,58.78125,-0.05,5.15162487,-2.101222747,0
a3b2,high,GCCSHPACNVNAPHIC,0,86.575,0.28125,6.880553246,-0.10515397,0
a3b2,high,GCCSHPACNVNHPELC,0,56.1375,-0.09375,5.97942791,-1.102343508,0
a3b2,high,GCCSHPACNVNHPELC,0,56.1375,-0.09375,5.97942791,-1.102343508,0
a3b2,high,GCCSHPACNVNNPHIC,0,72.7375,-0.05,6.880553246,-0.10515397,0
a3b2,high,GCCSHPACNVNNPHIC,0,72.7375,-0.05,6.880553246,-0.10515397,0
a3b2,high,GCCSHPACNVNNPHIC,0,72.7375,-0.05,6.880553246,-0.10515397,0
a3b2,high,GCCSHPACNVNNPHIC,0,72.7375,-0.05,6.880553246,-0.10515397,0
a3b2,high,GCCSHPACNVNNPHIC,0,72.7375,-0.05,6.880553246,-0.10515397,0
a3b2,high,GCCSHPACNVNNPHIC,0,72.7375,-0.05,6.880553246,-0.10515397,0
a3b2,high,GCCSHPACNVNNPHIC,0,72.7375,-0.05,6.880553246,-0.10515397,0
a3b2,high,GCCSHPACNVNNPHIC,0,72.7375,-0.05,6.880553246,-0.10515397,0
a3b2,high,GCCSHPACNVNNPHIC,0,72.7375,-0.05,6.880553246,-0.10515397,0
a3b2,high,GCCSHPACNVNNPHIC,0,72.7375,-0.05,6.880553246,-0.10515397,0
a3b2,high,GCCSHPACNVNNPHIC,0,72.7375,-0.05,6.880553246,-0.10515397,0
a3b2,high,GCCSHPACNVNNPHIC,0,72.7375,-0.05,6.880553246,-0.10515397,0
a3b2,high,GCCSHPACNVNNPHIC,0,72.7375,-0.05,6.880553246,-0.10515397,0
a3b2,high,GCCSHPACRVNHPELC,0,56.1375,-0.15625,6.884702492,-0.102353508,0
a3b2,high,GCCSHPACSANHPELC,0,56.1375,-0.075,5.97942791,-1.102343508,0
a3b2,high,GCCSHPACSANHPELC,0,56.1375,-0.075,5.97942791,-1.102343508,0
a3b2,high,GCCSHPACSANHPELC,0,56.1375,-0.075,5.97942791,-1.102343508,0
a3b2,high,GCCSHPACSANHPELC,0,56.1375,-0.075,5.97942791,-1.102343508,0
a3b2,high,GCCSHPACSGNNPAFC,0.0625,52.00625,0.0375,6.706341743,-0.192328158,0
a3b2,high,GCCSHPACSINHPELC,0,56.1375,0.09375,5.97942791,-1.102343508,0
a3b2,high,GCCSHPACSINHPELC,0,56.1375,0.09375,5.97942791,-1.102343508,0
a3b2,high,GCCSHPACSLNHPELC,0,56.1375,0.05,5.97942791,-1.102343508,0
a3b2,high,GCCSHPACSLNHPELC,0,56.1375,0.05,5.97942791,-1.102343508,0
a3b2,high,GCCSHPACSLNHPELC,0,56.1375,0.05,5.97942791,-1.102343508,0
a3b2,high,GCCSHPACSTNHPELC,0,46.74375,-0.23125,5.97942791,-1.102343508,0
a3b2,high,GCCSHPACSVAHPELC,0,50.83125,0.40625,5.97942791,-1.102343508,0
a3b2,high,GCCSHPACSVAHPELC,0,50.83125,0.40625,5.97942791,-1.102343508,0
a3b2,high,GCCSHPACSVDHPELC,0,46.74375,0.075,5.15162487,-2.101222747,0
a3b2,high,GCCSHPACSVEHPELC,0,51.425,0.075,5.227675438,-2.099533046,0
a3b2,high,GCCSHPACSVEHPELC,0,51.425,0.075,5.227675438,-2.099533046,0
a3b2,high,GCCSHPACSVEHPELC,0,51.425,0.075,5.227675438,-2.099533046,0
a3b2,high,GCCSHPACSVKHPELC,0,54.3375,0.05,6.883849907,-0.103342509,0
a3b2,high,GCCSHPACSVNHAELC,0,47.075,0.2875,5.97942791,-1.102343508,0
a3b2,high,GCCSHPACSVNHAELC,0,47.075,0.2875,5.97942791,-1.102343508,0
a3b2,high,GCCSHPACSVNHAELC,0,47.075,0.2875,5.97942791,-1.102343508,0
a3b2,high,GCCSHPACSVNHAELC,0,47.075,0.2875,5.97942791,-1.102343508,0
a3b2,high,GCCSHPACSVNHPALC,0,57.3125,0.40625,6.880553246,-0.10515397,0
a3b2,high,GCCSHPACSVNHPALC,0,57.3125,0.40625,6.880553246,-0.10515397,0
a3b2,high,GCCSHPACSVNHPDLC,0,40.5625,0.075,5.965843391,-1.104033209,0
a3b2,high,GCCSHPACSVNHPDLC,0,40.5625,0.075,5.965843391,-1.104033209,0
a3b2,high,GCCSHPACSVNHPEAC,0,83.6,-0.05,5.97942791,-1.102343508,0
a3b2,high,GCCSHPACSVNHPEAC,0,83.6,-0.05,5.97942791,-1.102343508,0
a3b2,high,GCCSHPACSVNHPEAC,0,83.6,-0.05,5.97942791,-1.102343508,0
a3b2,high,GCCSHPACSVNHPEIC,0,68.175,0.11875,5.97942791,-1.102343508,0
a3b2,high,GCCSHPACSVNHPEIC,0,68.175,0.11875,5.97942791,-1.102343508,0
a3b2,high,GCCSHPACSVNHPERC,0,56.1375,-0.44375,6.884702492,-0.102353508,0
a3b2,high,GCCSHPACSVNHPERC,0,56.1375,-0.44375,6.884702492,-0.102353508,0
a3b2,high,GCCSHPACSVNHPEVC,0,56.1375,0.1,5.97942791,-1.102343508,0
a3b2,high,GCCSHPACSVNHPEVC,0,56.1375,0.1,5.97942791,-1.102343508,0
a3b2,high,GCCSHPACSVNHPNLC,0,45.275,0.075,6.880553246,-0.10515397,0
a3b2,high,GCCSHPACSVNHPNLC,0,45.275,0.075,6.880553246,-0.10515397,0
a3b2,high,GCCSHPACSVNHPNLC,0,45.275,0.075,6.880553246,-0.10515397,0
a3b2,high,GCCSHPACSVNHPQLC,0,57.3125,0.075,6.880553246,-0.10515397,0
a3b2,high,GCCSHPACSVNHPQLC,0,57.3125,0.075,6.880553246,-0.10515397,0
a3b2,high,GCCSHPACSVNHPRLC,0,40.5625,0.0125,7.912220955,0.89483603,0
a3b2,high,GCCSHPACSVNHSELC,0,59.1125,0.125,5.97942791,-1.102343508,0
a3b2,high,GCCSHPACSVNHSELC,0,59.1125,0.125,5.97942791,-1.102343508,0
a3b2,high,GCCSHPACSVRHPELC,0,68.175,0.0125,6.884702492,-0.102353508,0
a3b2,high,GCCSHPACTVNHPELC,0,76.5125,0.08125,5.97942791,-1.102343508,0
a3b2,high,GCCSHPACTVNHPELC,0,76.5125,0.08125,5.97942791,-1.102343508,0
a3b2,high,GCCSHPACWVNNPHIC,0.0625,82.23125,0.1125,6.880553246,-0.10515397,5500
a3b2,high,GCCSHPACYVNHPELC,0.0625,56.1375,0.04375,5.979314232,-1.103342509,1490
a3b2,high,GCCSHPACYVNHPELC,0.0625,56.1375,0.04375,5.979314232,-1.103342509,1490
a3b2,high,GCCSHPACYVNNPHIC,0.0625,72.7375,0.0875,6.879700661,-0.106152971,1490
a3b2,high,GCCSHPVCHARHPALC,0,62.2625,0.19375,7.921955681,0.982010219,0
a3b2,high,GCCSHPVCHARHPALC,0,62.2625,0.19375,7.921955681,0.982010219,0
a3b2,high,GCCSHPVCSVNHPELC,0,28.675,0.225,5.97942791,-1.102343508,0
a3b2,high,GCCSHPVCSVNHPELC,0,28.675,0.225,5.97942791,-1.102343508,0
a3b2,high,GCCSLPPCAANNPDYC,0.0625,22.225,-0.025,4.050028419,-1.279380586,1490
a3b2,high,GCCSLPPCAANNPDYC,0.0625,22.225,-0.025,4.050028419,-1.279380586,1490
a3b2,high,GCCSLPPCAASNPDYC,0.0625,22.225,0.14375,4.050028419,-1.279380586,1490
a3b2,high,GCCSNPACHLEHSNLC,0,62.7375,-0.06875,5.97942791,-1.102343508,0
a3b2,high,GCCSNPACHLEHSNLC,0,62.7375,-0.06875,5.97942791,-1.102343508,0
a3b2,high,GCCSNPACMVNNPQIC,0,77.6875,0.25,5.4986269,-0.279502346,0
a3b2,high,GCCSNPACRVNNPNIC,0,72.7375,-0.15,7.891204262,0.720487654,0
a3b2,high,GCCSNPACSVNHPELC,0,56.1375,0.05625,5.239100075,-1.189517696,0
a3b2,high,GCCSNPACSVNHPELC,0,56.1375,0.05625,5.239100075,-1.189517696,0
a3b2,high,GCCSNPPCAHEHC,0,3.7,-0.461538462,5.97942791,-1.102343508,0
a3b2,high,GCCSNPPCAHEHC,0,3.7,-0.461538462,5.97942791,-1.102343508,0
a3b2,high,GCCSNPVCALEHSNLC,0,14.9,0.39375,5.239100075,-1.189517696,0
a3b2,high,GCCSNPVCALEHSNLC,0,14.9,0.39375,5.239100075,-1.189517696,0
a3b2,high,GCCSNPVCHAEHSNAC,0,62.7375,-0.16875,5.97942791,-1.102343508,0
a3b2,high,GCCSNPVCHAEHSNLC,0,35.275,-0.04375,5.97942791,-1.102343508,0
a3b2,high,GCCSNPVCHAEHSNLC,0,35.275,-0.04375,5.97942791,-1.102343508,0
a3b2,high,GCCSNPVCHLAHSNAC,0,62.14375,0.2875,6.880553246,-0.10515397,0
a3b2,high,GCCSNPVCHLAHSNLC,0,34.68125,0.4125,6.880553246,-0.10515397,0
a3b2,high,GCCSNPVCHLAHSNLC,0,34.68125,0.4125,6.880553246,-0.10515397,0
a3b2,high,GCCSNPVCHLEHANLC,0,35.275,0.24375,5.97942791,-1.102343508,0
a3b2,high,GCCSNPVCHLEHANLC,0,35.275,0.24375,5.97942791,-1.102343508,0
a3b2,high,GCCSNPVCHLEHSALC,0,35.275,0.4125,5.97942791,-1.102343508,0
a3b2,high,GCCSNPVCHLEHSALC,0,35.275,0.4125,5.97942791,-1.102343508,0
a3b2,high,GCCSNPVCHLEHSNAC,0,62.7375,-0.04375,5.97942791,-1.102343508,0
a3b2,high,GCCSNPVCHLEHSNAC,0,62.7375,-0.04375,5.97942791,-1.102343508,0
a3b2,high,GCCSNPVCHLEHSNLC,0,35.275,0.08125,5.97942791,-1.102343508,0
a3b2,high,GCCSNPVCHLEHSNLC,0,35.275,0.08125,5.97942791,-1.102343508,0
a3b2,high,GCCSNPVCHLEHSNLC,0,35.275,0.08125,5.97942791,-1.102343508,0
a3b2,high,GCCSNPVCHLEHSNLC,0,35.275,0.08125,5.97942791,-1.102343508,0
a3b2,high,GCCSNPVCHLEHSNLC,0,35.275,0.08125,5.97942791,-1.102343508,0
a3b2,high,GCCSNPVCHLEHSNLC,0,35.275,0.08125,5.97942791,-1.102343508,0
a3b2,high,GCCSNPVCHLEHSNLC,0,35.275,0.08125,5.97942791,-1.102343508,0
a3b2,high,GCCSNPVCHLEHSNLC,0,35.275,0.08125,5.97942791,-1.102343508,0
a3b2,high,GCCSNPVCHLEHSNLC,0,35.275,0.08125,5.97942791,-1.102343508,0
a3b2,high,GCCSNPVCHLRHSNLC,0,64.0625,0.01875,7.912220955,0.89483603,0
a3b2,high,GCCSNPVCHLRHSNLC,0,64.0625,0.01875,7.912220955,0.89483603,0
a3b2,high,GCCSRAACAGIHQELC,0,63.31875,0.4625,6.714924431,-0.189527696,0
a3b2,high,GCCSRPACAGIHQELC,0,87.39375,0.25,6.714924431,-0.189527696,0
a3b2,high,GCCSRPPCALNNPDYC,0.0625,34.2625,-0.41875,5.808967781,-0.279390586,1490
a3b2,high,GCCSRPPCIANNPDLC,0,34.2625,-0.05625,5.80959301,-0.278391585,0
a3b2,high,GCCSRPPCIANNPDLC,0,34.2625,-0.05625,5.80959301,-0.278391585,0
a3b2,high,GCCSRPPCIANNPDLC,0,34.2625,-0.05625,5.80959301,-0.278391585,0
a3b2,high,GCCSRPPCIANNPDLC,0,34.2625,-0.05625,5.80959301,-0.278391585,0
a3b2,high,GCCSRPPCIANNPDLC,0,34.2625,-0.05625,5.80959301,-0.278391585,0
a3b2,high,GCCSRPPCIANNPDLC,0,34.2625,-0.05625,5.80959301,-0.278391585,0
a3b2,high,GCCSRPPCIANNPDLC,0,34.2625,-0.05625,5.80959301,-0.278391585,0
a3b2,high,GCCSRPPCIANNPDLC,0,34.2625,-0.05625,5.80959301,-0.278391585,0
a3b2,high,GCCSRPPCIANNPDLC,0,34.2625,-0.05625,5.80959301,-0.278391585,0
a3b2,high,GCCSRPPCIANNPDLC,0,34.2625,-0.05625,5.80959301,-0.278391585,0
a3b2,high,GCCSRPPCIANNPDLC,0,34.2625,-0.05625,5.80959301,-0.278391585,0
a3b2,high,GCCTHPACHGNHPELC,0,85.1,-0.35625,6.253107643,-1.015169319,0
a3b2,high,GGCCSHPACAANNQDYC,0.058823529,59.04705882,-0.370588235,5.075687981,-1.192206398,1490
a3b2,high,GGGCCSHPACAANNQDYC,0.055555556,63.17777778,-0.372222222,5.075687981,-1.192206398,1490
a3b2,high,IADECCSNPACRVNNPHVC,0,58.36315789,-0.142105263,5.319470406,-1.188406935,0
a3b2,high,IKDECCSNPACRVNNPHVC,0,58.36315789,-0.442105263,6.717482185,-0.189405936,0
a3b2,high,IRAECCSNPACRVNNPHVC,0,62.83157895,-0.194736842,7.902228355,0.810462304,0
a3b2,high,IRDACCSNPACRVNNPHVC,0,62.83157895,-0.194736842,7.90203495,0.808772603,0
a3b2,high,IRDACCSNPACRVNNPHVC,0,62.83157895,-0.194736842,7.90203495,0.808772603,0
a3b2,high,IRDECCANPACRVNNPHVC,0,62.83157895,-0.336842105,6.718277931,-0.188416935,0
a3b2,high,IRDECCSAPACRVNNPHVC,0,74.48421053,-0.194736842,6.718277931,-0.188416935,0
a3b2,high,IRDECCSNAACRVNNPHVC,0,54.21052632,-0.294736842,6.718277931,-0.188416935,0
a3b2,high,IRDECCSNPACANNPHVC,0,65.76666667,-0.383333333,5.319470406,-1.188406935,0
a3b2,high,IRDECCSNPACRANNPHVC,0,62.83157895,-0.6,6.718277931,-0.188416935,0
a3b2,high,IRDECCSNPACRINNPHVC,0,62.83157895,-0.457894737,6.718277931,-0.188416935,0
a3b2,high,IRDECCSNPACRSNNPHVC,0,85.95789474,-0.736842105,6.718277931,-0.188416935,0
a3b2,high,IRDECCSNPACRTNNPHVC,0,54.92105263,-0.731578947,6.718277931,-0.188416935,0
a3b2,high,IRDECCSNPACRVANPHVC,0,62.83157895,-0.194736842,6.718277931,-0.188416935,0
a3b2,high,IRDECCSNPACRVNAPHVC,0,74.48421053,-0.194736842,6.718277931,-0.188416935,0
a3b2,high,IRDECCSNPACRVNNAHVC,0,59.87894737,-0.294736842,6.718277931,-0.188416935,0
a3b2,high,IRDECCSNPACRVNNPAVC,0,72.96842105,-0.210526316,6.043030739,-0.275591123,0
a3b2,high,IRDECCSNPACRVNNPHAC,0,85.95789474,-0.6,6.718277931,-0.188416935,0
a3b2,high,IRDECCSNPACRVNNPHVC,0,62.83157895,-0.473684211,6.718277931,-0.188416935,0
a3b2,high,IRDECCSNPACRVNNPHVC,0,62.83157895,-0.473684211,6.718277931,-0.188416935,0
a3b2,high,IRDECCSNPACRVNNPHVC,0,62.83157895,-0.473684211,6.718277931,-0.188416935,0
a3b2,high,IRDECCSNPACRVNNPHVC,0,62.83157895,-0.473684211,6.718277931,-0.188416935,0
a3b2,high,IRDECCSNPACRVNNPHVC,0,62.83157895,-0.473684211,6.718277931,-0.188416935,0
a3b2,high,IRDECCSNPACRVNNPHVCRRR,0,107.7,-1.022727273,9.011149025,2.811553065,0
a3b2,high,IRDECCSNPACRYNNPHVC,0.052631579,58.86315789,-0.763157895,6.717482185,-0.189415936,1490
a3b2,high,IRDECCSNPSCRVNNPHVC,0,56.86315789,-0.610526316,6.718277931,-0.188416935,0
a3b2,high,IRDECCSNPVCRVNNPHVC,0,39.70526316,-0.347368421,6.718277931,-0.188416935,0
a3b2,high,IRDQCCSNPACRVNNPHVC,0,35.73684211,-0.473684211,7.90203495,0.808772603,0
a3b2,high,IRNECCSNPACRVNNPHVC,0,69.32631579,-0.473684211,7.902228355,0.810462304,0
a3b2,high,PACCTHPACHVNHPELC,0,128.9529412,-0.029411765,6.281356621,-0.816742066,0
a3b2,high,PACCTHPACHVSHPELC,0,128.9529412,0.129411765,6.281356621,-0.816742066,0
a3b2,high,PCQSVRPGRVWGKCCLTRLCSTMCCARADCTCVYHTWRGHGCSCVM,0.065217391,21.4173913,0.084782609,8.844691658,5.032940103,12490
a3b2,high,PECCTHPACASHPELC,0,114.8375,-0.14375,5.23148365,-1.901105792,0
a3b2,high,PECCTHPACHGNHPELC,0,116.7529412,-0.611764706,5.741954613,-1.813931604,0
a3b2,high,PECCTHPACHGSHPELC,0,121.7470588,-0.452941176,5.741954613,-1.813931604,0
a3b2,high,PECCTHPACHVNHPELC,0,127.8470588,-0.341176471,5.741954613,-1.813931604,0
a3b2,high,PECCTHPACHVSHPELC,0,127.8470588,-0.182352941,5.741954613,-1.813931604,0
a3b2,high,PECCTHPACHVSNPELC,0,127.8470588,-0.2,5.23148365,-1.901105792,0
a3b2,high,QCCSNPPCAHEHC,0,-2.1,-0.7,5.97942791,-1.102343508,0
a3b2,high,RACCSNPPCAHNNPDC,0,45.34375,-0.85625,6.709808922,-0.191217397,0
a3b2,high,RDCCSNPPCAHNNPDLC,0,17.41764706,-0.894117647,5.209827995,-1.190096636,0
a3b2,high,RDPCCSNPVCTVHNPQIC,0,54.72222222,-0.283333333,6.709808922,-0.191217397,0
a3b2,high,RDPCCYHPACNMSNPQIC,0.055555556,79.13333333,-0.577777778,6.709013176,-0.192216398,1490
a3b2,high,RDPGCCSNPVCHLEHSNLC,0,31.28421053,-0.436842105,5.988181114,-1.101232747,0
a3b2,high,RDPGCCSNPVCHLEHSNLC,0,31.28421053,-0.436842105,5.988181114,-1.101232747,0
a3b2,high,RDPGCCSNPVCHLRHSNLC,0,55.52631579,-0.489473684,7.912285423,0.895946791,0
a3b2,high,RDPGCCSNPVCHLRHSNLC,0,55.52631579,-0.489473684,7.912285423,0.895946791,0
a3b2,high,RPECCTHPACHVSHPELC,0,132,-0.422222222,6.261860847,-1.012368857,0
a3b2,high,SGCCSNPACRVNNPNIC,0,69.04705882,-0.188235294,7.634010887,0.420532499,0
a3b2,high,GCCSHPACSVNHPELC,0,56.1375,0.075,5.97942791,-1.102343508,0
a3b4,high,ACCSHPACNVDHPEIC,0,86.24375,0.0875,5.152420616,-2.065449773,0
a3b4,high,GAGCCSHPVCAAMSPIC,0,65.74705882,1.011764706,6.706341743,-0.192328158,0
a3b4,high,GAGGAAGGCCSHPVCAAMSPIC,0,60.43636364,0.890909091,6.706341743,-0.192328158,0
a3b4,high,GCCAHPACNVDHPEIC,0,53.475,0.1125,5.15162487,-2.101222747,0
a3b4,high,GCCANPVCHLAHSNAC,0,62.14375,0.45,6.880553246,-0.10515397,0
a3b4,high,GCCAYPPCFATNPDC,0.133333333,8.406666667,0.146666667,4.050028419,-1.279380586,1490
a3b4,high,GCCAYPPCFATNPDC,0.133333333,8.406666667,0.146666667,4.050028419,-1.279380586,1490
a3b4,high,GCCSDPRCNMNNPDYC,0.0625,-1.85,-0.9875,4.207756615,-1.278269825,1490
a3b4,high,GCCSHPACAGNNQHIC,0,64.51875,-0.125,6.880553246,-0.10515397,0
a3b4,high,GCCSHPACFVNNPHIC,0.0625,72.7375,0.34375,6.880553246,-0.10515397,0
a3b4,high,GCCSHPACHVNHPELC,0,76.5125,-0.075,6.253107643,-1.015169319,0
a3b4,high,GCCSHPACNADHPEIC,0,62.86875,-0.2,5.15162487,-2.101222747,0
a3b4,high,GCCSHPACNVAAPHIC,0,86.575,0.6125,6.880553246,-0.10515397,0
a3b4,high,GCCSHPACNVAHPEIC,0,62.86875,0.28125,5.97942791,-1.102343508,0
a3b4,high,GCCSHPACNVANPHIC,0,72.7375,0.28125,6.880553246,-0.10515397,0
a3b4,high,GCCSHPACNVDHAEIC,0,49.71875,0.1625,5.15162487,-2.101222747,0
a3b4,high,GCCSHPACNVDHPAIC,0,47.91875,0.28125,5.965843391,-1.104033209,0
a3b4,high,GCCSHPACNVDHPEIC,0,58.78125,-0.05,5.15162487,-2.101222747,0
a3b4,high,GCCSHPACNVNAPHIC,0,86.575,0.28125,6.880553246,-0.10515397,0
a3b4,high,GCCSHPACNVNNPHIC,0,72.7375,-0.05,6.880553246,-0.10515397,0
a3b4,high,GCCSHPACNVNNPHIC,0,72.7375,-0.05,6.880553246,-0.10515397,0
a3b4,high,GCCSHPACNVNNPHIC,0,72.7375,-0.05,6.880553246,-0.10515397,0
a3b4,high,GCCSHPACNVNNPHIC,0,72.7375,-0.05,6.880553246,-0.10515397,0
a3b4,high,GCCSHPACSLNHPELC,0,56.1375,0.05,5.97942791,-1.102343508,0
a3b4,high,GCCSHPACSVAHPELC,0,50.83125,0.40625,5.97942791,-1.102343508,0
a3b4,high,GCCSHPACSVNHPEAC,0,83.6,-0.05,5.97942791,-1.102343508,0
a3b4,high,GCCSHPACSVNHPEIC,0,68.175,0.11875,5.97942791,-1.102343508,0
a3b4,high,GCCSHPACSVNHPEVC,0,56.1375,0.1,5.97942791,-1.102343508,0
a3b4,high,GCCSHPACWVNNPHIC,0.0625,82.23125,0.1125,6.880553246,-0.10515397,5500
a3b4,high,GCCSHPACYVNHPELC,0.0625,56.1375,0.04375,5.979314232,-1.103342509,1490
a3b4,high,GCCSHPACYVNNPHIC,0.0625,72.7375,0.0875,6.879700661,-0.106152971,1490
a3b4,high,GCCSHPVCAAMSPIC,0,78.84,1.053333333,6.706341743,-0.192328158,0
a3b4,high,GCCSHPVCAAMSPIC,0,78.84,1.053333333,6.706341743,-0.192328158,0
a3b4,high,GCCSHPVCDAMSPIC,0,91.68,0.7,5.07574482,-1.191207397,0
a3b4,high,GCCSHPVCEAMSPIC,0,78.84,0.7,5.239100075,-1.189517696,0
a3b4,high,GCCSHPVCFAMSPIC,0.066666667,78.84,1.12,6.706341743,-0.192328158,0
a3b4,high,GCCSHPVCHAMSPIC,0,100.5733333,0.72,6.880553246,-0.10515397,0
a3b4,high,GCCSHPVCKAMSPIC,0,78.84,0.673333333,7.895136833,0.806672841,0
a3b4,high,GCCSHPVCLAMSPIC,0,91.68,1.186666667,6.706341743,-0.192328158,0
a3b4,high,GCCSHPVCNVRHPEIC,0,52.75,0.0375,6.884702492,-0.102353508,0
a3b4,high,GCCSHPVCRAMSPIC,0,78.84,0.633333333,7.901970482,0.807661842,0
a3b4,high,GCCSHPVCSAMSPIC,0,78.84,0.88,6.706341743,-0.192328158,0
a3b4,high,GCCSHPVCTAMSPIC,0,100.5733333,0.886666667,6.706341743,-0.192328158,0
a3b4,high,GCCSHPVCYAMSPIC,0.066666667,94.62666667,0.846666667,6.705545998,-0.193327159,1490
a3b4,high,GCCSYPPCFATNPDC,0.133333333,8.406666667,-0.026666667,4.050028419,-1.279380586,1490
a3b4,high,GCCSYPPCFATNPDC,0.133333333,8.406666667,-0.026666667,4.050028419,-1.279380586,1490
a3b4,high,GCCTHPACHGNHPELC,0,85.1,-0.35625,6.253107643,-1.015169319,0
a3b4,high,GGAAGGCCSHPVCAAMSPIC,0,69.725,0.91,6.706341743,-0.192328158,0
a3b4,high,GGAAGGGCCSHPVCAAMSPIC,0,72.75714286,0.847619048,6.706341743,-0.192328158,0
a3b4,high,GGAGCCSHPVCAAMSPIC,0,69.50555556,0.933333333,6.706341743,-0.192328158,0
a3b4,high,GGAGGCCSHPVCAAMSPIC,0,72.86842105,0.863157895,6.706341743,-0.192328158,0
a3b4,high,PACCTHPACHVNHPELC,0,128.9529412,-0.029411765,6.281356621,-0.816742066,0
a3b4,high,PCQSVRPGRVWGKCCLTRLCSTMCCARADCTCVYHTWRGHGCSCVM,0.065217391,21.4173913,0.084782609,8.844691658,5.032940103,12490
a3b4,high,PECCTHPACHVNHPELC,0,127.8470588,-0.341176471,5.741954613,-1.813931604,0
a3b4,high,RDPCCAHPTCNMSNPQIC,0,32.45,-0.544444444,6.709808922,-0.191217397,0
a3b4,high,RDPCCSNPVCTVHNPQIC,0,54.72222222,-0.283333333,6.709808922,-0.191217397,0
a3b4,high,RDPCCYHPACNMSNPQIC,0.055555556,79.13333333,-0.577777778,6.709013176,-0.192216398,1490
a3b4,high,SGCCSNPACDVNNPNIC,0,80.37647059,-0.129411765,4.050028419,-1.57833674,0
a3b4,high,SGCCSNPACFVLNPNIC,0.058823529,69.04705882,0.670588235,5.232449913,-0.579457501,0
a3b4,high,SGCCSNPACMVNNPNIC,0,88.22352941,0.188235294,5.232449913,-0.579457501,0
a3b4,high,SGCCSNPACRVLNPNIC,0,69.04705882,0.241176471,7.634010887,0.420532499,0
a4b2,high,ARDECCSNPACRVNNPHVC,0,62.83157895,-0.615789474,6.756757927,-0.152643961,0
a4b2,high,CCSNPACRVNNPHVC,0,47.62666667,-0.133333333,7.901970482,0.807661842,0
a4b2,high,DDESECIINTRDSPWGRCCRTRMCGSMCCPRNGCTCVYHWRRGHGCSCPG,0.06,59.842,-0.72,8.130639839,1.843354296,12490
a4b2,high,GCCSHPACAGNNQHIC,0,64.51875,-0.125,6.880553246,-0.10515397,0
a4b2,high,GCCSNPVCHLEHSNLC,0,35.275,0.08125,5.97942791,-1.102343508,0
a4b2,high,GCCSNPVCHLEHSNLC,0,35.275,0.08125,5.97942791,-1.102343508,0
a4b2,high,GCCSRPPCIANNPDLC,0,34.2625,-0.05625,5.80959301,-0.278391585,0
a4b2,high,GCCSRPPCIANNPDLC,0,34.2625,-0.05625,5.80959301,-0.278391585,0
a4b2,high,IRDACCSNPACRVNNPHVC,0,62.83157895,-0.194736842,7.90203495,0.808772603,0
a4b2,high,IRDECCANPACRVNNPHVC,0,62.83157895,-0.336842105,6.718277931,-0.188416935,0
a4b2,high,IRDECCSNPACRVNNPAVC,0,72.96842105,-0.210526316,6.043030739,-0.275591123,0
a4b2,high,KPCCSIHDNSCCGL,0,30.61428571,0.042857143,6.709013176,-0.192206398,0
a4b2,high,IRDECCSNPACRVNNPHVC,0,62.83157895,-0.473684211,6.718277931,-0.188416935,0
a7,high,ACCSDRRCRWRC,0.083333333,134.9666667,-0.95,9.013985634,2.757351389,5500
a7,high,ACCSDRRCRWRC,0.083333333,134.9666667,-0.95,9.013985634,2.757351389,5500
a7,high,ACCSDRRCRWRC,0.083333333,134.9666667,-0.95,9.013985634,2.757351389,5500
a7,high,ACCSDRRCRWRC,0.083333333,134.9666667,-0.95,9.013985634,2.757351389,5500
a7,high,ACCSNPACRVNNPHVC,0,72.7375,-0.0125,7.939233208,0.843434816,0
a7,high,ADECCSNPACRVNNPHVC,0,61.05,-0.4,5.321118736,-1.152633961,0
a7,high,AECCSNPACRVNNPHVC,0,69.04705882,-0.217647059,6.753518105,-0.153754722,0
a7,high,ARDECCSNPACRVNNPHVC,0,62.83157895,-0.615789474,6.756757927,-0.152643961,0
a7,high,CCSNPACRVNNPHVC,0,47.62666667,-0.133333333,7.901970482,0.807661842,0
a7,high,CCSNPACRVNNPNIC,0,76.92,-0.133333333,7.891204262,0.720487654,0
a7,high,DDESECIINTRDSPWGRCCRTRMCGSMCCPRNGCTCVYHWRRGHGCSCPG,0.06,59.842,-0.72,8.130639839,1.843354296,12490
a7,high,DECCSNPACRLNNPHACRRR,0,139.44,-1.265,8.568057823,1.811563065,0
a7,high,DECCSNPACRLNNPHDCRRR,0,117.47,-1.53,7.902357292,0.812683826,0
a7,high,DECCSNPACRLNNPHVCRRR,0,117.47,-1.145,8.568057823,1.811563065,0
a7,high,DECCSNPACRVNNPHVCRRR,0,117.47,-1.125,8.568057823,1.811563065,0
a7,high,DECCSRPPCRVNNPHVCRRR,0,112.43,-1.345,9.011149025,2.811553065,0
a7,high,ECCSNPACRVNNPHVC,0,72.7375,-0.34375,6.799216652,-0.115612153,0
a7,high,GCCSDPACNVNNPHIC,0,74.5375,-0.06875,5.07574482,-1.191207397,0
a7,high,GCCSDPPCRNAHPDLC,0,12.59375,-0.5375,5.209827995,-1.190096636,0
a7,high,GCCSDPRCAWEC,0.083333333,39.5,-0.283333333,4.370202446,-1.275581123,5500
a7,high,GCCSDPRCAWRC,0.083333333,2.883333333,-0.366666667,7.89126873,0.721598415,5500
a7,high,GCCSDPRCAWRC,0.083333333,2.883333333,-0.366666667,7.89126873,0.721598415,5500
a7,high,GCCSDPRCAWRC,0.083333333,2.883333333,-0.366666667,7.89126873,0.721598415,5500
a7,high,GCCSDPRCAWRC,0.083333333,2.883333333,-0.366666667,7.89126873,0.721598415,5500
a7,high,GCCSDPRCAWRC,0.083333333,2.883333333,-0.366666667,7.89126873,0.721598415,5500
a7,high,GCCSDPRCAWRC,0.083333333,2.883333333,-0.366666667,7.89126873,0.721598415,5500
a7,high,GCCSDPRCAWRC,0.083333333,2.883333333,-0.366666667,7.89126873,0.721598415,5500
a7,high,GCCSDPRCAYRC,0.083333333,-11.20833333,-0.4,7.884241676,0.720599414,1490
a7,high,GCCSDPRCAYRCR,0.076923077,-9.576923077,-0.715384615,8.549490929,1.720589414,1490
a7,high,GCCSDPRCIYDHPEIC,0.0625,40.5625,-0.30625,4.536399651,-2.188285175,1490
a7,high,GCCSDPRCNMNNPDYC,0.0625,-1.85,-0.9875,4.207756615,-1.278269825,1490
a7,high,GCCSDPRCRYRC,0.083333333,-17.49166667,-0.925,8.549490929,1.720589414,1490
a7,high,GCCSDPRCRYRCGRRRRGGCCSDPRCRYRC,0.066666667,46.90333333,-1.366666667,9.601228142,7.681037214,2980
a7,high,GCCSHPACNVNNPHIC,0,72.7375,-0.05,6.880553246,-0.10515397,0
a7,high,GCCSHPACNVNNPHIC,0,72.7375,-0.05,6.880553246,-0.10515397,0
a7,high,GCCSHPACNVNNPHIC,0,72.7375,-0.05,6.880553246,-0.10515397,0
a7,high,GCCSHPACNVNNPHIC,0,72.7375,-0.05,6.880553246,-0.10515397,0
a7,high,GCCSHPACNVNNPHICG,0,69.04705882,-0.070588235,6.880553246,-0.10515397,0
a7,high,GCCSHPACNVNNPHICG,0,69.04705882,-0.070588235,6.880553246,-0.10515397,0
a7,high,GCCSHPACNVNNPHICG,0,69.04705882,-0.070588235,6.880553246,-0.10515397,0
a7,high,GCCSHPACNVNNPHICG,0,69.04705882,-0.070588235,6.880553246,-0.10515397,0
a7,high,GCCSHPACNVNNPHICG,0,69.04705882,-0.070588235,6.880553246,-0.10515397,0
a7,high,GCCSHPACSVNHPELCGRRRRGGCCSHPACSVNHPELC,0,95.35,-0.431578947,8.236625862,2.035171371,0
a7,high,GCCSLPPCAANNPDYC,0.0625,22.225,-0.025,4.050028419,-1.279380586,1490
a7,high,GCCSLPPCAANNPDYC,0.0625,22.225,-0.025,4.050028419,-1.279380586,1490
a7,high,GCCSLPPCALNNPDYC,0.0625,22.225,0.1,4.050028419,-1.279380586,1490
a7,high,GCCSLPPCALNNPDYC,0.0625,22.225,0.1,4.050028419,-1.279380586,1490
a7,high,GCCSLPPCALSNPDYC,0.0625,22.225,0.26875,4.050028419,-1.279380586,1490
a7,high,GCCSLPPCRANNPDYC,0.0625,22.225,-0.41875,5.808967781,-0.279390586,1490
a7,high,GCCSLPPCRANNPDYC,0.0625,22.225,-0.41875,5.808967781,-0.279390586,1490
a7,high,GCCSLPPCRLNNPDYC,0.0625,22.225,-0.29375,5.808967781,-0.279390586,1490
a7,high,GCCSLPPCRLNNPDYC,0.0625,22.225,-0.29375,5.808967781,-0.279390586,1490
a7,high,GCCSLPPCRLNNPDYC,0.0625,22.225,-0.29375,5.808967781,-0.279390586,1490
a7,high,GCCSLPPCRLNNPDYC,0.0625,22.225,-0.29375,5.808967781,-0.279390586,1490
a7,high,GCCSNPACMVNNPQIC,0,77.6875,0.25,5.4986269,-0.279502346,0
a7,high,GCCSNPACRVNNPNIC,0,72.7375,-0.15,7.891204262,0.720487654,0
a7,high,GCCSRPPCALNNPDYC,0.0625,34.2625,-0.41875,5.808967781,-0.279390586,1490
a7,high,GCCSRPPCIANNPDLC,0,34.2625,-0.05625,5.80959301,-0.278391585,0
a7,high,GCCSRPPCRLNNPRYC,0.0625,29.55,-0.875,8.975369072,2.719468653,1490
a7,high,GCCSRPPCRLNNPRYC,0.0625,29.55,-0.875,8.975369072,2.719468653,1490
a7,high,GCCSRPPCRLNNPRYC,0.0625,29.55,-0.875,8.975369072,2.719468653,1490
a7,high,GCCSRPPCRLNNPRYC,0.0625,29.55,-0.875,8.975369072,2.719468653,1490
a7,high,GFRSPCAPFC,0.2,127.86,0.35,8.072102547,0.740289634,0
a7,high,GGCCSHPACAANNQDYC,0.058823529,59.04705882,-0.370588235,5.075687981,-1.192206398,1490
a7,high,IADECCSNPACRVNNPHVC,0,58.36315789,-0.142105263,5.319470406,-1.188406935,0
a7,high,IKDECCSNPACRVNNPHVC,0,58.36315789,-0.442105263,6.717482185,-0.189405936,0
a7,high,IRAECCSNPACRVNNPHVC,0,62.83157895,-0.194736842,7.902228355,0.810462304,0
a7,high,IRDACCSNPACRVNNPHVC,0,62.83157895,-0.194736842,7.90203495,0.808772603,0
a7,high,IRDECCANPACRVNNPHVC,0,62.83157895,-0.336842105,6.718277931,-0.188416935,0
a7,high,IRDECCSNAACRVNNPHVC,0,54.21052632,-0.294736842,6.718277931,-0.188416935,0
a7,high,IRDECCSNPACANNPHVC,0,65.76666667,-0.383333333,5.319470406,-1.188406935,0
a7,high,IRDECCSNPACRANNPHVC,0,62.83157895,-0.6,6.718277931,-0.188416935,0
a7,high,IRDECCSNPACRVANPHVC,0,62.83157895,-0.194736842,6.718277931,-0.188416935,0
a7,high,IRDECCSNPACRVNAPHVC,0,74.48421053,-0.194736842,6.718277931,-0.188416935,0
a7,high,IRDECCSNPACRVNNAHVC,0,59.87894737,-0.294736842,6.718277931,-0.188416935,0
a7,high,IRDECCSNPACRVNNPAVC,0,72.96842105,-0.210526316,6.043030739,-0.275591123,0
a7,high,IRDECCSNPACRVNNPHAC,0,85.95789474,-0.6,6.718277931,-0.188416935,0
a7,high,IRDECCSNPACRVNNPHVC,0,62.83157895,-0.473684211,6.718277931,-0.188416935,0
a7,high,IRDECCSNPACRVNNPHVC,0,62.83157895,-0.473684211,6.718277931,-0.188416935,0
a7,high,IRDECCSNPACRVNNPHVC,0,62.83157895,-0.473684211,6.718277931,-0.188416935,0
a7,high,IRDECCSNPACRVNNPHVC,0,62.83157895,-0.473684211,6.718277931,-0.188416935,0
a7,high,IRDECCSNPACRVNNPHVC,0,62.83157895,-0.473684211,6.718277931,-0.188416935,0
a7,high,IRDECCSNPACRVNNPHVCRRR,0,107.7,-1.022727273,9.011149025,2.811553065,0
a7,high,IRDECCSNPVCRVNNPHVC,0,39.70526316,-0.347368421,6.718277931,-0.188416935,0
a7,high,IRDQCCSNPACRVNNPHVC,0,35.73684211,-0.473684211,7.90203495,0.808772603,0
a7,high,IRNECCSNPACRVNNPHVC,0,69.32631579,-0.473684211,7.902228355,0.810462304,0
a7,high,PACCTHPACHVNHPELC,0,128.9529412,-0.029411765,6.281356621,-0.816742066,0
a7,high,PCQSVRPGRVWGKCCLTRLCSTMCCARADCTCVYHTWRGHGCSCVM,0.065217391,21.4173913,0.084782609,8.844691658,5.032940103,12490
a7,high,PECCTHPACHVNHPELC,0,127.8470588,-0.341176471,5.741954613,-1.813931604,0
a7,high,QCCSNPPCAHEHC,0,-2.1,-0.7,5.97942791,-1.102343508,0
a7,high,RIKKPIFAFPRF,0.25,5.575,-0.066666667,11.99996777,3.758083612,0
a7,high,RIKKPIFIAFPRF,0.230769231,5.915384615,0.284615385,11.99996777,3.758083612,0
a7,high,SGCCSHPACRVNNPNIC,0,69.04705882,-0.170588235,7.663567162,0.507706687,0
a7,high,SGCCSNPACDVNNPNIC,0,80.37647059,-0.129411765,4.050028419,-1.57833674,0
a7,high,SGCCSNPACRVNNPNIC,0,69.04705882,-0.188235294,7.634010887,0.420532499,0
a7,high,SGCCSNPACRVQNPNIC,0,69.04705882,-0.188235294,7.634010887,0.420532499,0
a9a10,high,ACCSDPRCRYRCR,0.076923077,18.42307692,-1.030769231,8.977754402,2.756352388,1490
a9a10,high,GCCADPRCRYRCR,0.076923077,-21.90769231,-1,8.974982262,2.720579414,1490
a9a10,high,GCCKDPRCAYDHPEIC,0.0625,40.5625,-0.66875,5.379719734,-1.189284176,1490
a9a10,high,GCCKDPRCAYDHPEIC,0.0625,40.5625,-0.66875,5.379719734,-1.189284176,1490
a9a10,high,GCCKDPRCNYDHPEIC,0.0625,40.5625,-1,5.379719734,-1.189284176,1490
a9a10,high,GCCKDPRCNYDHPEIC,0.0625,40.5625,-1,5.379719734,-1.189284176,1490
a9a10,high,GCCKDPRCNYDHPEIC,0.0625,40.5625,-1,5.379719734,-1.189284176,1490
a9a10,high,GCCRDPRCNYDHPEIC,0.0625,40.5625,-1.0375,5.379776573,-1.188295175,1490
a9a10,high,GCCRDPRCNYDHPEIC,0.0625,40.5625,-1.0375,5.379776573,-1.188295175,1490
a9a10,high,GCCSDPRCAYDHPEIC,0.0625,40.5625,-0.475,4.536399651,-2.188285175,1490
a9a10,high,GCCSDPRCAYDHPEIC,0.0625,40.5625,-0.475,4.536399651,-2.188285175,1490
a9a10,high,GCCSDPRCAYDHPEIC,0.0625,40.5625,-0.475,4.536399651,-2.188285175,1490
a9a10,high,GCCSDPRCFYDHPEIC,0.125,60.938125,-0.4125,4.536399651,-2.188285175,1490
a9a10,high,GCCSDPRCFYDHPEIC,0.125,60.938125,-0.4125,4.536399651,-2.188285175,1490
a9a10,high,GCCSDPRCGYDHPEIC,0.0625,35.25625,-0.6125,4.536399651,-2.188285175,1490
a9a10,high,GCCSDPRCGYDHPEIC,0.0625,35.25625,-0.6125,4.536399651,-2.188285175,1490
a9a10,high,GCCSDPRCIYDHPEIC,0.0625,40.5625,-0.30625,4.536399651,-2.188285175,1490
a9a10,high,GCCSDPRCIYDHPEIC,0.0625,40.5625,-0.30625,4.536399651,-2.188285175,1490
a9a10,high,GCCSDPRCLYDHPEIC,0.0625,52.6,-0.35,4.536399651,-2.188285175,1490
a9a10,high,GCCSDPRCLYDHPEIC,0.0625,52.6,-0.35,4.536399651,-2.188285175,1490
a9a10,high,GCCSDPRCNYDHPEICGRRRRGGCCSDPRCNYDHPEIC,0.052631579,82.23421053,-1.173684211,6.861966896,-0.136711964,2980
a9a10,high,GCCSDPRCRWRCR,0.076923077,47.49230769,-1.169230769,9.011213493,2.721578415,5500
a9a10,high,GCCSDPRCRYDHPEIC,0.0625,35.85,-0.86875,5.379776573,-1.188295175,1490
a9a10,high,GCCSDPRCRYKCR,0.076923077,-2.369230769,-1.153846154,8.943715096,2.719590413,1490
a9a10,high,GCCSDPRCRYKCR,0.076923077,-2.369230769,-1.153846154,8.943715096,2.719590413,1490
a9a10,high,GCCSDPRCRYQCR,0.076923077,-8.169230769,-1.123076923,8.549490929,1.720589414,1490
a9a10,high,GCCSDPRCRYQCR,0.076923077,-8.169230769,-1.123076923,8.549490929,1.720589414,1490
a9a10,high,GCCSDPRCRYRC,0.083333333,-17.49166667,-0.925,8.549490929,1.720589414,1490
a9a10,high,GCCSDPRCRYRC,0.083333333,-17.49166667,-0.925,8.549490929,1.720589414,1490
a9a10,high,GCCSDPRCRYRCGRRRRGGCCSDPRCRYRC,0.066666667,46.90333333,-1.366666667,9.601228142,7.681037214,2980
a9a10,high,GCCSDPRCRYRCK,0.076923077,-15.37692308,-1.153846154,8.943715096,2.719590413,1490
a9a10,high,GCCSDPRCRYRCR,0.076923077,-15.37692308,-1.2,8.974982262,2.720579414,1490
a9a10,high,GCCSDPRCRYRCR,0.076923077,-15.37692308,-1.2,8.974982262,2.720579414,1490
a9a10,high,GCCSDPRCRYRCR,0.076923077,-15.37692308,-1.2,8.974982262,2.720579414,1490
a9a10,high,GCCSDPRCRYRCR,0.076923077,-15.37692308,-1.2,8.974982262,2.720579414,1490
a9a10,high,GCCSDPRCRYRCY,0.153846154,-15.37692308,-0.953846154,8.533115959,1.719590413,2980
a9a10,high,GCCSDPRCRYRCY,0.153846154,-15.37692308,-0.953846154,8.533115959,1.719590413,2980
a9a10,high,GCCSDPRCWYDHPEIC,0.125,55.3625,-0.64375,4.536399651,-2.188285175,6990
a9a10,high,GCCSDPRCWYDHPEIC,0.125,55.3625,-0.64375,4.536399651,-2.188285175,6990
a9a10,high,GCCSDPRCNYDHPEIC,0.0625,40.5625,-0.8063,4.5364,-2.1883,1490
a9a10,high,GCCSHPACSVNHPELCGRRRRGGCCSHPACSVNHPELC,0,95.35,-0.431578947,8.236625862,2.035171371,0
a9a10,high,GCCSHPVCRARHRALC,0,31.65,-0.06875,9.012438393,2.894816031,0
a9a10,high,GCCSNPACMVNNPQIC,0,77.6875,0.25,5.4986269,-0.279502346,0
a9a10,high,KCNFDKCKGTGVYNCGESCSCEGLHSCRCTYNIGSMKSGCACICTYY,0.106382979,58.27021277,-0.20212766,8.096922874,1.747005578,5960
a9a10,high,PCQSVRPGRVWGKCCLTRLCSTMCCARADCTCVYHTWRGHGCSCVM,0.065217391,21.4173913,0.084782609,8.844691658,5.032940103,12490
a9a10,high,PECCTHPACHVSHPELC,0,127.8470588,-0.182352941,5.741954613,-1.813931604,0
a9a10,high,RCCHPACGKKFNC,0.076923077,71.96153846,-0.492307692,8.94474659,2.80566384,0
a9a10,high,SGSTCTCFTSTNCQGSCECLSPPGCYCSNNGIRQRGCSCTCPGT,0.045454545,61.90227273,-0.277272727,7.406768608,0.362928019,1490
a9a10,high,TARSSGRYARSPYDRRRRYARRITDAAV,0.107142857,162.7214286,-1.410714286,11.71134281,6.397351114,4470
a9a10,high,TARSSGRYARSPYDRRRRYCRRITDACV,0.107142857,167.2642857,-1.360714286,11.18566761,6.377549134,4470
a9a10,high,TARSSGRYARSPYDRRRRYSRRITDASV,0.107142857,161.1428571,-1.596428571,11.71134281,6.397351114,4470
a9a10,high,TARSSGRYCRSPYDRRRRYCRRITDAAV,0.107142857,145.8071429,-1.360714286,11.18566761,6.377549134,4470
a9a10,high,TCRSSGRYARSPYDRRRRYARRITDACV,0.107142857,175.7214286,-1.360714286,11.18566761,6.377549134,4470
a9a10,high,TCRSSGRYCRSPYDRRRRYARRITDAAV,0.107142857,154.2642857,-1.360714286,11.18566761,6.377549134,4470
a9a10,high,TCRSSGRYCRSPYDRRRRYCRRITDACV,0.107142857,158.8071429,-1.310714286,10.30715694,6.357747154,4470
a9a10,high,TCRSSGRYCRSPYDRRRRYCRRITDACV,0.107142857,158.8071429,-1.310714286,10.30715694,6.357747154,4470
a9a10,high,TCRSSGRYCRSPYDRRRRYSRRITDASV,0.107142857,152.6857143,-1.546428571,11.18566761,6.377549134,4470
a9a10,high,TCRSSGRYSRSPYDRRRRYSRRITDACV,0.107142857,172.5642857,-1.546428571,11.18566761,6.377549134,4470
a9a10,high,TRLCSTMCCARADCTCVYHTWRGHGCSCVM,0.066666667,11.33333333,0.21,8.237077141,1.5033298,6990
a9a10,high,TRLCSTMCCARADCTCVYHTWRGHGCSCVM,0.066666667,11.33333333,0.21,8.237077141,1.5033298,6990
a9a10,high,TRLCSTMCCARADCTCVYHTWRGHGCSCVM,0.066666667,11.33333333,0.21,8.237077141,1.5033298,6990
a9a10,high,TSRSSGRYCRSPYDRRRRYCRRITDASV,0.107142857,152.6857143,-1.546428571,11.18566761,6.377549134,4470
a9a10,high,TSRSSGRYSRSPYDRRRRYARRITDAAV,0.107142857,168.0214286,-1.596428571,11.71134281,6.397351114,4470
a9a10,high,TSRSSGRYSRSPYDRRRRYCRRITDACV,0.107142857,172.5642857,-1.546428571,11.18566761,6.377549134,4470
a9a10,high,TSRSSGRYSRSPYDRRRRYSRRITDASV,0.107142857,166.4428571,-1.782142857,11.71134281,6.397351114,4470
AChBP,high,GCCAHPACNVDHPEIC,0,53.475,0.1125,5.15162487,-2.101222747,0
AChBP,high,GCCSHPACADHPEIC,0,66.39333333,0.02,5.15162487,-2.101222747,0
AChBP,high,GCCSHPACNVAHPEIC,0,62.86875,0.28125,5.97942791,-1.102343508,0
AChBP,high,GCCSHPACNVDHPAIC,0,47.91875,0.28125,5.965843391,-1.104033209,0
AChBP,high,GCCSLPPCRANNPDYC,0.0625,22.225,-0.41875,5.808967781,-0.279390586,1490
AChBP,high,GCCSLPPCRLNNPDYC,0.0625,22.225,-0.29375,5.808967781,-0.279390586,1490
AChBP,high,GCCSRPPCRLNNPRYC,0.0625,29.55,-0.875,8.975369072,2.719468653,1490
AChBP,high,GCCSHPACNVDHPEIC,0,58.78125,-0.05,5.15162487,-2.101222747,0
Ca22,high,CCSDPRCRYDHPEIC,0.066666667,37.57333333,-0.9,5.379776573,-1.188295175,1490
Ca22,high,CKAAGKPCSRLMYDCCTGSCRSGKC,0.04,63.684,-0.284,8.920828819,3.697800431,1490
Ca22,high,CKAKGSSCRRTSYDCCTGSCRNGKC,0.04,77.544,-0.9,9.152205849,4.697790431,1490
Ca22,high,CKGKGAKCSKLMYDCCTGSCRSGKC,0.04,48.428,-0.44,9.101727104,4.695812429,1490
Ca22,high,CKGKGAKCSRIAYNCCTGSCRSGKC,0.04,39.432,-0.44,9.33884182,5.695680669,1490
Ca22,high,CKGKGAKCSRIMYDCCTGSCRSGKC,0.04,59.528,-0.436,9.125709343,4.69680143,1490
Ca22,high,CKGKGAKCSRLAYDCCTGSCRSGKC,0.04,50.056,-0.468,9.125709343,4.69680143,1490
Ca22,high,CKGKGAKCSRLMYDCCTGSCRSGKC,0.04,59.528,-0.464,9.125709343,4.69680143,1490
Ca22,high,CKGKGAKCSRLMYDCCTGSCRSGKC,0.04,59.528,-0.464,9.125709343,4.69680143,1490
Ca22,high,CKGKGAKCSRLMYDCCTGSCRSGKC,0.04,59.528,-0.464,9.125709343,4.69680143,1490
Ca22,high,CKGKGAKCSRLMYDCCTGSCRSGKC,0.04,59.528,-0.464,9.125709343,4.69680143,1490
Ca22,high,CKGKGAKCSRLMYDCCTGSCRSGKC,0.04,59.528,-0.464,9.125709343,4.69680143,1490
Ca22,high,CKGKGAKCSRLMYNCCTGSCRSGKC,0.04,48.904,-0.464,9.33884182,5.695680669,1490
Ca22,high,CKGKGASCHRTSYDCCTGSCNRGKC,0.04,47.46,-0.832,8.921086693,3.784974619,1490
Ca22,high,CKGKGASCRKTMYDCCRGSCRSGRC,0.04,55.22,-0.82,9.378812218,5.697780431,1490
Ca22,high,CKGKGASCRKTSYDCCTGSCRLGRC,0.04,41.212,-0.592,9.152205849,4.697790431,1490
Ca22,high,CKGKGASCRKTSYDCCTGSCRSGRC,0.04,58.788,-0.776,9.152205849,4.697790431,1490
Ca22,high,CKGKGASCRRTSYDCCTGSCRLGRC,0.04,64.124,-0.616,9.181732368,4.698779432,1490
Ca22,high,CKGKGASCRRTSYDCCTGSCRLGRC,0.04,64.124,-0.616,9.181732368,4.698779432,1490
Ca22,high,CKGKGASCRRTSYDCCTGSCRLGRC,0.04,64.124,-0.616,9.181732368,4.698779432,1490
Ca22,high,CKGKGASCRRTSYDCCTGSCRSGRC,0.04,81.7,-0.8,9.181732368,4.698779432,1490
Ca22,high,CKGKGASCRRTSYDCCTGSCRSGRC,0.04,81.7,-0.8,9.181732368,4.698779432,1490
Ca22,high,CKGKGSSCRRTSYDCCTGSCRNGKC,0.04,70.752,-0.988,9.152205849,4.697790431,1490
Ca22,high,CKGTGKSCSRIAYNCCTGSCRSGKC,0.04,52.472,-0.416,9.152528191,4.69667967,1490
Ca22,high,CKLKGQSCRKTSYDCCSGSCGRSGKC,0.038461538,64.53846154,-0.784615385,9.125709343,4.69680143,1490
Ca22,high,CKPPGSKCSPSMRDCCTTCISYTKRCRKYY,0.1,55.14333333,-0.853333333,9.271601295,5.694793428,4470
Ca22,high,CKPPGSKCSPSMRDCCTTCISYTKRCRKYYN,0.096774194,53.68709677,-0.938709677,9.271601295,5.694793428,4470
Ca22,high,CKPPGSPCRVSSYNCCSSCKSYNKKCG,0.074074074,61.4962963,-0.774074074,9.101727104,4.694691668,2980
Ca22,high,CKRKGASCRRTSYDCCTGSCRNGKC,0.04,79.484,-1.048,9.378812218,5.697780431,1490
Ca22,high,CKRKGSACRRTSYDCCTGSCRNGKC,0.04,87.416,-1.048,9.378812218,5.697780431,1490
Ca22,high,CKRKGSSCARTSYDCCTGSCRNGKC,0.04,67.672,-0.9,9.152205849,4.697790431,1490
Ca22,high,CKRKGSSCRRASYDCCTGSCRNGKC,0.04,90.584,-1.052,9.378812218,5.697780431,1490
Ca22,high,CKRKGSSCRRLSYDCCTGSCRNGKC,0.04,90.584,-0.972,9.378812218,5.697780431,1490
Ca22,high,CKRKGSSCRRTAYDCCTGSCRNGKC,0.04,90.584,-1.048,9.378812218,5.697780431,1490
Ca22,high,CKRKGSSCRRTMYDCCTGSCRNGKC,0.04,100.056,-1.044,9.378812218,5.697780431,1490
Ca22,high,CKRKGSSCRRTSYDCCTGSCRAGKC,0.04,91.66,-0.94,9.378812218,5.697780431,1490
Ca22,high,CKRKGSSCRRTSYDCCTGSCRNGKC,0.04,90.584,-1.152,9.378812218,5.697780431,1490
Ca22,high,CKRKGSSCRRTSYDCCTGSCRSGKC,0.04,109.236,-1.044,9.378812218,5.697780431,1490
Ca22,high,CKRKGSSCSRTSYDCCTGSCRNGKC,0.04,75.376,-1.004,9.152205849,4.697790431,1490
Ca22,high,CKSKGAKCSRLMYDCCSGSCSGTVGRC,0.037037037,33.8,-0.188888889,8.920828819,3.697800431,1490
Ca22,high,CKSPGSSCSKTSYNCCRSCNPYTKRCY,0.111111111,80.25555556,-0.977777778,9.101469231,4.694681668,4470
Ca22,high,CKSPGSSCSPTSYNCCRSCNPYTKRCY,0.111111111,96.52962963,-0.892592593,8.902971077,3.695680669,4470
Ca22,high,CKSPGSSCSPTSYNCCRSCNPYTKRCY,0.111111111,96.52962963,-0.892592593,8.902971077,3.695680669,4470
Ca22,high,CKSPGTPCSRGMRDCCTSCLLYSNKCRRY,0.068965517,74.83448276,-0.672413793,9.151883507,4.697780431,2980
Ca22,high,CLSPGSSCSPTSYNCCRSCNPYSRKC,0.076923077,105.4,-0.584615385,8.674752998,2.697678671,2980
Ca22,high,GCCSDPRCRYDHPEIC,0.0625,35.85,-0.86875,5.379776573,-1.188295175,1490
Ca22,high,GCCSDPRCRYSHPEIC,0.0625,21.05,-0.7,6.717482185,-0.189415936,1490
Ca22,high,GCCSNPACMLKNPNLC,0,60.34375,0.15625,7.884241676,0.719498653,0
Na12,high,ACRKKWEYCIVPIIGFIYCCPGLICGPFVCV,0.161290323,37.31935484,1.161290323,8.335326958,1.735273105,8480
Na12,high,CCNCSSKECRDHSRCC,0,59.1125,-0.875,7.790182304,0.790782084,0
Na12,high,CCNCSSKQCRDHSRCC,0,41.7125,-0.875,8.353442574,1.787971622,0
Na12,high,CCNCSSKRCRDHSRCC,0,52.025,-0.9375,8.702667809,2.787961622,0
Na12,high,CCNCSSKWCADHSRCC,0.0625,26.34375,-0.31875,7.789859962,0.787981622,5500
Na12,high,CCNCSSKWCRDHSRCC,0.0625,31.65,-0.7125,8.353442574,1.787971622,5500
Na12,high,CCNCSSKWCRDHSRCC,0.0625,31.65,-0.7125,8.353442574,1.787971622,5500
Na12,high,CCNCSSKWCRDHSRCC,0.0625,31.65,-0.7125,8.353442574,1.787971622,5500
Na12,high,CCNCSSKWCRDHSRCC,0.0625,31.65,-0.7125,8.353442574,1.787971622,5500
Na12,high,GWCGDPGATCGKLRLYCCSGFCDCYTKTCKDKSSA,0.114285714,17.62,-0.305714286,8.245909309,1.68815296,8480
Na12,high,QNCCNGGCSSKWCRDHARCC,0.05,16.345,-0.83,8.353442574,1.787971622,5500
Na12,high,QRLCCGFPKSCRSRQCKPHRCC,0.045454545,63.74545455,-0.890909091,9.487892723,5.78583186,0
Na12,high,QRLCCGFPKSCRSRQCKPHRCC,0.045454545,63.74545455,-0.890909091,9.487892723,5.78583186,0
Na12,high,RCCTGKKGSCSGRACKNLKCCA,0,43.71818182,-0.418181818,9.37990818,5.69667967,0
Na12,high,RGCCNGRGGCSSRWCRDHARCC,0.045454545,44.15,-0.909090909,9.007538795,3.788940623,5500
Na12,high,RHGCCKGPKGCSSRECRPQHCC,0,60.85909091,-1.168181818,8.960992622,3.87582651,0
